blank,product,style,color,size,gtin
Crewneck,Unisex Midweight Crewneck Sweatshirt - SS3000,SS3000,Army,XS,00846798357526
Crewneck,Unisex Midweight Crewneck Sweatshirt - SS3000,SS3000,Army,S,00846798334053
Crewneck,Unisex Midweight Crewneck Sweatshirt - SS3000,SS3000,Army,M,00846798334060
Crewneck,Unisex Midweight Crewneck Sweatshirt - SS3000,SS3000,Army,L,00846798334077
Crewneck,Unisex Midweight Crewneck Sweatshirt - SS3000,SS3000,Army,XL,00846798334084
Crewneck,Unisex Midweight Crewneck Sweatshirt - SS3000,SS3000,Army,2XL,00846798334091
Crewneck,Unisex Midweight Crewneck Sweatshirt - SS3000,SS3000,Army,3XL,00846798334107
Crewneck,Unisex Midweight Crewneck Sweatshirt - SS3000,SS3000,Army Heather,XS,00846798357519
Crewneck,Unisex Midweight Crewneck Sweatshirt - SS3000,SS3000,Army Heather,S,00846798018588
Crewneck,Unisex Midweight Crewneck Sweatshirt - SS3000,SS3000,Army Heather,M,00846798018571
Crewneck,Unisex Midweight Crewneck Sweatshirt - SS3000,SS3000,Army Heather,L,00846798018564
Crewneck,Unisex Midweight Crewneck Sweatshirt - SS3000,SS3000,Army Heather,XL,00846798018595
Crewneck,Unisex Midweight Crewneck Sweatshirt - SS3000,SS3000,Army Heather,2XL,00846798018540
Crewneck,Unisex Midweight Crewneck Sweatshirt - SS3000,SS3000,Army Heather,3XL,00846798018557
Crewneck,Unisex Midweight Crewneck Sweatshirt - SS3000,SS3000,Black,XS,00846798133687
Crewneck,Unisex Midweight Crewneck Sweatshirt - SS3000,SS3000,Black,S,00846798019240
Crewneck,Unisex Midweight Crewneck Sweatshirt - SS3000,SS3000,Black,M,00846798019233
Crewneck,Unisex Midweight Crewneck Sweatshirt - SS3000,SS3000,Black,L,00846798019226
Crewneck,Unisex Midweight Crewneck Sweatshirt - SS3000,SS3000,Black,XL,00846798019257
Crewneck,Unisex Midweight Crewneck Sweatshirt - SS3000,SS3000,Black,2XL,00846798019202
Crewneck,Unisex Midweight Crewneck Sweatshirt - SS3000,SS3000,Black,3XL,00846798019219
Crewneck,Unisex Midweight Crewneck Sweatshirt - SS3000,SS3000,Black,4XL,00846798133694
Crewneck,Unisex Midweight Crewneck Sweatshirt - SS3000,SS3000,Black,5XL,00846798335241
Crewneck,Unisex Midweight Crewneck Sweatshirt - SS3000,SS3000,Black Camo,XS,00840264303987
Crewneck,Unisex Midweight Crewneck Sweatshirt - SS3000,SS3000,Black Camo,S,00840264303994
Crewneck,Unisex Midweight Crewneck Sweatshirt - SS3000,SS3000,Black Camo,M,00840264304007
Crewneck,Unisex Midweight Crewneck Sweatshirt - SS3000,SS3000,Black Camo,L,00840264304014
Crewneck,Unisex Midweight Crewneck Sweatshirt - SS3000,SS3000,Black Camo,XL,00840264304021
Crewneck,Unisex Midweight Crewneck Sweatshirt - SS3000,SS3000,Black Camo,2XL,00840264304038
Crewneck,Unisex Midweight Crewneck Sweatshirt - SS3000,SS3000,Black Camo,3XL,00840264304045
Crewneck,Unisex Midweight Crewneck Sweatshirt - SS3000,SS3000,Bone,XS,00840264304052
Crewneck,Unisex Midweight Crewneck Sweatshirt - SS3000,SS3000,Bone,S,00840264304069
Crewneck,Unisex Midweight Crewneck Sweatshirt - SS3000,SS3000,Bone,M,00840264304076
Crewneck,Unisex Midweight Crewneck Sweatshirt - SS3000,SS3000,Bone,L,00840264304083
Crewneck,Unisex Midweight Crewneck Sweatshirt - SS3000,SS3000,Bone,XL,00840264304090
Crewneck,Unisex Midweight Crewneck Sweatshirt - SS3000,SS3000,Bone,2XL,00840264304106
Crewneck,Unisex Midweight Crewneck Sweatshirt - SS3000,SS3000,Bone,3XL,00840264304113
Crewneck,Unisex Midweight Crewneck Sweatshirt - SS3000,SS3000,Brown,XS,00840264314013
Crewneck,Unisex Midweight Crewneck Sweatshirt - SS3000,SS3000,Brown,S,00840264314020
Crewneck,Unisex Midweight Crewneck Sweatshirt - SS3000,SS3000,Brown,M,00840264314037
Crewneck,Unisex Midweight Crewneck Sweatshirt - SS3000,SS3000,Brown,L,00840264314044
Crewneck,Unisex Midweight Crewneck Sweatshirt - SS3000,SS3000,Brown,XL,00840264314051
Crewneck,Unisex Midweight Crewneck Sweatshirt - SS3000,SS3000,Brown,2XL,00840264314068
Crewneck,Unisex Midweight Crewneck Sweatshirt - SS3000,SS3000,Brown,3XL,00840264314075
Crewneck,Unisex Midweight Crewneck Sweatshirt - SS3000,SS3000,Cement,XS,00840264313870
Crewneck,Unisex Midweight Crewneck Sweatshirt - SS3000,SS3000,Cement,S,00840264313887
Crewneck,Unisex Midweight Crewneck Sweatshirt - SS3000,SS3000,Cement,M,00840264313894
Crewneck,Unisex Midweight Crewneck Sweatshirt - SS3000,SS3000,Cement,L,00840264313900
Crewneck,Unisex Midweight Crewneck Sweatshirt - SS3000,SS3000,Cement,XL,00840264313917
Crewneck,Unisex Midweight Crewneck Sweatshirt - SS3000,SS3000,Cement,2XL,00840264313924
Crewneck,Unisex Midweight Crewneck Sweatshirt - SS3000,SS3000,Cement,3XL,00840264313931
Crewneck,Unisex Midweight Crewneck Sweatshirt - SS3000,SS3000,Charcoal Heather,XS,00846798357533
Crewneck,Unisex Midweight Crewneck Sweatshirt - SS3000,SS3000,Charcoal Heather,S,00846798018700
Crewneck,Unisex Midweight Crewneck Sweatshirt - SS3000,SS3000,Charcoal Heather,M,00846798018694
Crewneck,Unisex Midweight Crewneck Sweatshirt - SS3000,SS3000,Charcoal Heather,L,00846798018687
Crewneck,Unisex Midweight Crewneck Sweatshirt - SS3000,SS3000,Charcoal Heather,XL,00846798018717
Crewneck,Unisex Midweight Crewneck Sweatshirt - SS3000,SS3000,Charcoal Heather,2XL,00846798018663
Crewneck,Unisex Midweight Crewneck Sweatshirt - SS3000,SS3000,Charcoal Heather,3XL,00846798018670
Crewneck,Unisex Midweight Crewneck Sweatshirt - SS3000,SS3000,Classic Navy,XS,00846798132352
Crewneck,Unisex Midweight Crewneck Sweatshirt - SS3000,SS3000,Classic Navy,S,00846798018823
Crewneck,Unisex Midweight Crewneck Sweatshirt - SS3000,SS3000,Classic Navy,M,00846798018816
Crewneck,Unisex Midweight Crewneck Sweatshirt - SS3000,SS3000,Classic Navy,L,00846798018809
Crewneck,Unisex Midweight Crewneck Sweatshirt - SS3000,SS3000,Classic Navy,XL,00846798018830
Crewneck,Unisex Midweight Crewneck Sweatshirt - SS3000,SS3000,Classic Navy,2XL,00846798018786
Crewneck,Unisex Midweight Crewneck Sweatshirt - SS3000,SS3000,Classic Navy,3XL,00846798018793
Crewneck,Unisex Midweight Crewneck Sweatshirt - SS3000,SS3000,Classic Navy,4XL,00846798335272
Crewneck,Unisex Midweight Crewneck Sweatshirt - SS3000,SS3000,Classic Navy,5XL,00846798335289
Crewneck,Unisex Midweight Crewneck Sweatshirt - SS3000,SS3000,Classic Navy Heather,XS,00846798357540
Crewneck,Unisex Midweight Crewneck Sweatshirt - SS3000,SS3000,Classic Navy Heather,S,00846798018762
Crewneck,Unisex Midweight Crewneck Sweatshirt - SS3000,SS3000,Classic Navy Heather,M,00846798018755
Crewneck,Unisex Midweight Crewneck Sweatshirt - SS3000,SS3000,Classic Navy Heather,L,00846798018748
Crewneck,Unisex Midweight Crewneck Sweatshirt - SS3000,SS3000,Classic Navy Heather,XL,00846798018779
Crewneck,Unisex Midweight Crewneck Sweatshirt - SS3000,SS3000,Classic Navy Heather,2XL,00846798018724
Crewneck,Unisex Midweight Crewneck Sweatshirt - SS3000,SS3000,Classic Navy Heather,3XL,00846798018731
Crewneck,Unisex Midweight Crewneck Sweatshirt - SS3000,SS3000,Dark Green,XS,00846798357557
Crewneck,Unisex Midweight Crewneck Sweatshirt - SS3000,SS3000,Dark Green,3XL,00846798018915
Crewneck,Unisex Midweight Crewneck Sweatshirt - SS3000,SS3000,Dusty Sage,XS,00840264314082
Crewneck,Unisex Midweight Crewneck Sweatshirt - SS3000,SS3000,Dusty Sage,S,00840264314099
Crewneck,Unisex Midweight Crewneck Sweatshirt - SS3000,SS3000,Dusty Sage,M,00840264314105
Crewneck,Unisex Midweight Crewneck Sweatshirt - SS3000,SS3000,Dusty Sage,L,00840264314112
Crewneck,Unisex Midweight Crewneck Sweatshirt - SS3000,SS3000,Dusty Sage,XL,00840264314129
Crewneck,Unisex Midweight Crewneck Sweatshirt - SS3000,SS3000,Dusty Sage,2XL,00840264314136
Crewneck,Unisex Midweight Crewneck Sweatshirt - SS3000,SS3000,Dusty Sage,3XL,00840264314143
Crewneck,Unisex Midweight Crewneck Sweatshirt - SS3000,SS3000,Forest Camo,XS,00846798348814
Crewneck,Unisex Midweight Crewneck Sweatshirt - SS3000,SS3000,Forest Camo,S,00846798327031
Crewneck,Unisex Midweight Crewneck Sweatshirt - SS3000,SS3000,Forest Camo,M,00846798327048
Crewneck,Unisex Midweight Crewneck Sweatshirt - SS3000,SS3000,Forest Camo,L,00846798327055
Crewneck,Unisex Midweight Crewneck Sweatshirt - SS3000,SS3000,Forest Camo,XL,00846798327062
Crewneck,Unisex Midweight Crewneck Sweatshirt - SS3000,SS3000,Forest Camo,2XL,00846798327079
Crewneck,Unisex Midweight Crewneck Sweatshirt - SS3000,SS3000,Forest Camo,3XL,00846798327086
Crewneck,Unisex Midweight Crewneck Sweatshirt - SS3000,SS3000,Grey Heather,XS,00846798335296
Crewneck,Unisex Midweight Crewneck Sweatshirt - SS3000,SS3000,Grey Heather,S,00846798019004
Crewneck,Unisex Midweight Crewneck Sweatshirt - SS3000,SS3000,Grey Heather,M,00846798018991
Crewneck,Unisex Midweight Crewneck Sweatshirt - SS3000,SS3000,Grey Heather,L,00846798018984
Crewneck,Unisex Midweight Crewneck Sweatshirt - SS3000,SS3000,Grey Heather,XL,00846798019011
Crewneck,Unisex Midweight Crewneck Sweatshirt - SS3000,SS3000,Grey Heather,2XL,00846798018960
Crewneck,Unisex Midweight Crewneck Sweatshirt - SS3000,SS3000,Grey Heather,3XL,00846798018977
Crewneck,Unisex Midweight Crewneck Sweatshirt - SS3000,SS3000,Grey Heather,4XL,00846798335302
Crewneck,Unisex Midweight Crewneck Sweatshirt - SS3000,SS3000,Grey Heather,5XL,00846798335319
Crewneck,Unisex Midweight Crewneck Sweatshirt - SS3000,SS3000,Gunmetal Heather,XS,00846798357564
Crewneck,Unisex Midweight Crewneck Sweatshirt - SS3000,SS3000,Gunmetal Heather,S,00846798019066
Crewneck,Unisex Midweight Crewneck Sweatshirt - SS3000,SS3000,Gunmetal Heather,M,00846798019059
Crewneck,Unisex Midweight Crewneck Sweatshirt - SS3000,SS3000,Gunmetal Heather,L,00846798019042
Crewneck,Unisex Midweight Crewneck Sweatshirt - SS3000,SS3000,Gunmetal Heather,XL,00846798019073
Crewneck,Unisex Midweight Crewneck Sweatshirt - SS3000,SS3000,Gunmetal Heather,2XL,00846798019028
Crewneck,Unisex Midweight Crewneck Sweatshirt - SS3000,SS3000,Gunmetal Heather,3XL,00846798019035
Crewneck,Unisex Midweight Crewneck Sweatshirt - SS3000,SS3000,Lavender,XS,00840264304199
Crewneck,Unisex Midweight Crewneck Sweatshirt - SS3000,SS3000,Lavender,S,00840264304205
Crewneck,Unisex Midweight Crewneck Sweatshirt - SS3000,SS3000,Lavender,M,00840264304212
Crewneck,Unisex Midweight Crewneck Sweatshirt - SS3000,SS3000,Lavender,L,00840264304229
Crewneck,Unisex Midweight Crewneck Sweatshirt - SS3000,SS3000,Lavender,XL,00840264304236
Crewneck,Unisex Midweight Crewneck Sweatshirt - SS3000,SS3000,Lavender,2XL,00840264304243
Crewneck,Unisex Midweight Crewneck Sweatshirt - SS3000,SS3000,Lavender,3XL,00840264304250
Crewneck,Unisex Midweight Crewneck Sweatshirt - SS3000,SS3000,Light Pink,XS,00846798357571
Crewneck,Unisex Midweight Crewneck Sweatshirt - SS3000,SS3000,Light Pink,S,00846798334114
Crewneck,Unisex Midweight Crewneck Sweatshirt - SS3000,SS3000,Light Pink,M,00846798334121
Crewneck,Unisex Midweight Crewneck Sweatshirt - SS3000,SS3000,Light Pink,L,00846798334138
Crewneck,Unisex Midweight Crewneck Sweatshirt - SS3000,SS3000,Light Pink,XL,00846798334145
Crewneck,Unisex Midweight Crewneck Sweatshirt - SS3000,SS3000,Light Pink,2XL,00846798334152
Crewneck,Unisex Midweight Crewneck Sweatshirt - SS3000,SS3000,Light Pink,3XL,00846798334169
Crewneck,Unisex Midweight Crewneck Sweatshirt - SS3000,SS3000,Maroon,XS,00846798357588
Crewneck,Unisex Midweight Crewneck Sweatshirt - SS3000,SS3000,Maroon,S,00846798173249
Crewneck,Unisex Midweight Crewneck Sweatshirt - SS3000,SS3000,Maroon,M,00846798173256
Crewneck,Unisex Midweight Crewneck Sweatshirt - SS3000,SS3000,Maroon,L,00846798173263
Crewneck,Unisex Midweight Crewneck Sweatshirt - SS3000,SS3000,Maroon,XL,00846798173270
Crewneck,Unisex Midweight Crewneck Sweatshirt - SS3000,SS3000,Maroon,2XL,00846798173287
Crewneck,Unisex Midweight Crewneck Sweatshirt - SS3000,SS3000,Maroon,3XL,00846798173294
Crewneck,Unisex Midweight Crewneck Sweatshirt - SS3000,SS3000,Mint,XS,00846798357595
Crewneck,Unisex Midweight Crewneck Sweatshirt - SS3000,SS3000,Mint,S,00846798334176
Crewneck,Unisex Midweight Crewneck Sweatshirt - SS3000,SS3000,Mint,M,00846798334183
Crewneck,Unisex Midweight Crewneck Sweatshirt - SS3000,SS3000,Mint,L,00846798334190
Crewneck,Unisex Midweight Crewneck Sweatshirt - SS3000,SS3000,Mint,XL,00846798334206
Crewneck,Unisex Midweight Crewneck Sweatshirt - SS3000,SS3000,Mint,2XL,00846798334213
Crewneck,Unisex Midweight Crewneck Sweatshirt - SS3000,SS3000,Mint,3XL,00846798334220
Crewneck,Unisex Midweight Crewneck Sweatshirt - SS3000,SS3000,Red,XS,00846798357601
Crewneck,Unisex Midweight Crewneck Sweatshirt - SS3000,SS3000,Red,S,00846798019301
Crewneck,Unisex Midweight Crewneck Sweatshirt - SS3000,SS3000,Red,M,00846798019295
Crewneck,Unisex Midweight Crewneck Sweatshirt - SS3000,SS3000,Red,L,00846798019288
Crewneck,Unisex Midweight Crewneck Sweatshirt - SS3000,SS3000,Red,XL,00846798019318
Crewneck,Unisex Midweight Crewneck Sweatshirt - SS3000,SS3000,Red,2XL,00846798019264
Crewneck,Unisex Midweight Crewneck Sweatshirt - SS3000,SS3000,Red,3XL,00846798019271
Crewneck,Unisex Midweight Crewneck Sweatshirt - SS3000,SS3000,Royal,XS,00840264304120
Crewneck,Unisex Midweight Crewneck Sweatshirt - SS3000,SS3000,Royal,S,00840264304137
Crewneck,Unisex Midweight Crewneck Sweatshirt - SS3000,SS3000,Royal,M,00840264304144
Crewneck,Unisex Midweight Crewneck Sweatshirt - SS3000,SS3000,Royal,L,00840264304151
Crewneck,Unisex Midweight Crewneck Sweatshirt - SS3000,SS3000,Royal,XL,00840264304168
Crewneck,Unisex Midweight Crewneck Sweatshirt - SS3000,SS3000,Royal,2XL,00840264304175
Crewneck,Unisex Midweight Crewneck Sweatshirt - SS3000,SS3000,Royal,3XL,00840264304182
Crewneck,Unisex Midweight Crewneck Sweatshirt - SS3000,SS3000,Royal Heather,XS,00846798357618
Crewneck,Unisex Midweight Crewneck Sweatshirt - SS3000,SS3000,Royal Heather,S,00846798019363
Crewneck,Unisex Midweight Crewneck Sweatshirt - SS3000,SS3000,Royal Heather,M,00846798019356
Crewneck,Unisex Midweight Crewneck Sweatshirt - SS3000,SS3000,Royal Heather,L,00846798019349
Crewneck,Unisex Midweight Crewneck Sweatshirt - SS3000,SS3000,Royal Heather,XL,00846798019370
Crewneck,Unisex Midweight Crewneck Sweatshirt - SS3000,SS3000,Royal Heather,2XL,00846798019325
Crewneck,Unisex Midweight Crewneck Sweatshirt - SS3000,SS3000,Royal Heather,3XL,00846798019332
Crewneck,Unisex Midweight Crewneck Sweatshirt - SS3000,SS3000,Sandstone,XS,00846798357625
Crewneck,Unisex Midweight Crewneck Sweatshirt - SS3000,SS3000,Sandstone,S,00846798334237
Crewneck,Unisex Midweight Crewneck Sweatshirt - SS3000,SS3000,Sandstone,M,00846798334244
Crewneck,Unisex Midweight Crewneck Sweatshirt - SS3000,SS3000,Sandstone,L,00846798334251
Crewneck,Unisex Midweight Crewneck Sweatshirt - SS3000,SS3000,Sandstone,XL,00846798334268
Crewneck,Unisex Midweight Crewneck Sweatshirt - SS3000,SS3000,Sandstone,2XL,00846798334275
Crewneck,Unisex Midweight Crewneck Sweatshirt - SS3000,SS3000,Sandstone,3XL,00846798334282
Crewneck,Unisex Midweight Crewneck Sweatshirt - SS3000,SS3000,Storm Blue,XS,00840264313948
Crewneck,Unisex Midweight Crewneck Sweatshirt - SS3000,SS3000,Storm Blue,S,00840264313955
Crewneck,Unisex Midweight Crewneck Sweatshirt - SS3000,SS3000,Storm Blue,M,00840264313962
Crewneck,Unisex Midweight Crewneck Sweatshirt - SS3000,SS3000,Storm Blue,L,00840264313979
Crewneck,Unisex Midweight Crewneck Sweatshirt - SS3000,SS3000,Storm Blue,XL,00840264313986
Crewneck,Unisex Midweight Crewneck Sweatshirt - SS3000,SS3000,Storm Blue,2XL,00840264313993
Crewneck,Unisex Midweight Crewneck Sweatshirt - SS3000,SS3000,Storm Blue,3XL,00840264314006
Crewneck,Unisex Midweight Crewneck Sweatshirt - SS3000,SS3000,White,XS,00846798335258
Crewneck,Unisex Midweight Crewneck Sweatshirt - SS3000,SS3000,White,S,00846798019424
Crewneck,Unisex Midweight Crewneck Sweatshirt - SS3000,SS3000,White,M,00846798019417
Crewneck,Unisex Midweight Crewneck Sweatshirt - SS3000,SS3000,White,L,00846798019400
Crewneck,Unisex Midweight Crewneck Sweatshirt - SS3000,SS3000,White,XL,00846798019431
Crewneck,Unisex Midweight Crewneck Sweatshirt - SS3000,SS3000,White,2XL,00846798019387
Crewneck,Unisex Midweight Crewneck Sweatshirt - SS3000,SS3000,White,3XL,00846798019394
Crewneck,Unisex Midweight Crewneck Sweatshirt - SS3000,SS3000,White,4XL,00846798117922
Crewneck,Unisex Midweight Crewneck Sweatshirt - SS3000,SS3000,White,5XL,00846798335265
Tee,Unisex Heavyweight Cotton Tee - 1301,1301,Ash Grey,S,00809778001284
Tee,Unisex Heavyweight Cotton Tee - 1301,1301,Ash Grey,M,00809778001291
Tee,Unisex Heavyweight Cotton Tee - 1301,1301,Ash Grey,L,00809778001307
Tee,Unisex Heavyweight Cotton Tee - 1301,1301,Ash Grey,XL,00809778001314
Tee,Unisex Heavyweight Cotton Tee - 1301,1301,Ash Grey,2XL,00809778001321
Tee,Unisex Heavyweight Cotton Tee - 1301,1301,Ash Grey,3XL,00809778001338
Tee,Unisex Heavyweight Cotton Tee - 1301,1301,Black,S,00809778004728
Tee,Unisex Heavyweight Cotton Tee - 1301,1301,Black,M,00809778004773
Tee,Unisex Heavyweight Cotton Tee - 1301,1301,Black,L,00809778004780
Tee,Unisex Heavyweight Cotton Tee - 1301,1301,Black,XL,00809778004834
Tee,Unisex Heavyweight Cotton Tee - 1301,1301,Black,2XL,00809778004841
Tee,Unisex Heavyweight Cotton Tee - 1301,1301,Black,3XL,00809778004896
Tee,Unisex Heavyweight Cotton Tee - 1301,1301,Black,4XL,00809778004902
Tee,Unisex Heavyweight Cotton Tee - 1301,1301,Burgundy,S,00809778003905
Tee,Unisex Heavyweight Cotton Tee - 1301,1301,Burgundy,M,00809778003936
Tee,Unisex Heavyweight Cotton Tee - 1301,1301,Burgundy,L,00809778003943
Tee,Unisex Heavyweight Cotton Tee - 1301,1301,Burgundy,XL,00809778003974
Tee,Unisex Heavyweight Cotton Tee - 1301,1301,Burgundy,2XL,00809778003981
Tee,Unisex Heavyweight Cotton Tee - 1301,1301,Burgundy,3XL,00809778004018
Tee,Unisex Heavyweight Cotton Tee - 1301,1301,Cardinal,S,00809778004131
Tee,Unisex Heavyweight Cotton Tee - 1301,1301,Cardinal,M,00809778004162
Tee,Unisex Heavyweight Cotton Tee - 1301,1301,Cardinal,L,00809778004179
Tee,Unisex Heavyweight Cotton Tee - 1301,1301,Cardinal,XL,00809778004209
Tee,Unisex Heavyweight Cotton Tee - 1301,1301,Cardinal,2XL,00809778004216
Tee,Unisex Heavyweight Cotton Tee - 1301,1301,Cardinal,3XL,00809778004247
Tee,Unisex Heavyweight Cotton Tee - 1301,1301,Celadon,S,00809778002557
Tee,Unisex Heavyweight Cotton Tee - 1301,1301,Celadon,M,00809778002564
Tee,Unisex Heavyweight Cotton Tee - 1301,1301,Celadon,L,00809778002571
Tee,Unisex Heavyweight Cotton Tee - 1301,1301,Celadon,XL,00809778002588
Tee,Unisex Heavyweight Cotton Tee - 1301,1301,Celadon,2XL,00809778002595
Tee,Unisex Heavyweight Cotton Tee - 1301,1301,Celadon,3XL,00809778002601
Tee,Unisex Heavyweight Cotton Tee - 1301,1301,Charcoal,S,00809778000546
Tee,Unisex Heavyweight Cotton Tee - 1301,1301,Charcoal,M,00809778000577
Tee,Unisex Heavyweight Cotton Tee - 1301,1301,Charcoal,L,00809778000584
Tee,Unisex Heavyweight Cotton Tee - 1301,1301,Charcoal,XL,00809778000614
Tee,Unisex Heavyweight Cotton Tee - 1301,1301,Charcoal,2XL,00809778000621
Tee,Unisex Heavyweight Cotton Tee - 1301,1301,Charcoal,3XL,00809778000652
Tee,Unisex Heavyweight Cotton Tee - 1301,1301,Cream,S,00809778001864
Tee,Unisex Heavyweight Cotton Tee - 1301,1301,Cream,M,00809778001871
Tee,Unisex Heavyweight Cotton Tee - 1301,1301,Cream,L,00809778001888
Tee,Unisex Heavyweight Cotton Tee - 1301,1301,Cream,XL,00809778001895
Tee,Unisex Heavyweight Cotton Tee - 1301,1301,Cream,2XL,00809778001901
Tee,Unisex Heavyweight Cotton Tee - 1301,1301,Cream,3XL,00809778001918
Tee,Unisex Heavyweight Cotton Tee - 1301,1301,Forest,S,00809778002243
Tee,Unisex Heavyweight Cotton Tee - 1301,1301,Forest,M,00809778002250
Tee,Unisex Heavyweight Cotton Tee - 1301,1301,Forest,L,00809778002267
Tee,Unisex Heavyweight Cotton Tee - 1301,1301,Forest,XL,00809778002274
Tee,Unisex Heavyweight Cotton Tee - 1301,1301,Forest,2XL,00809778002281
Tee,Unisex Heavyweight Cotton Tee - 1301,1301,Forest,3XL,00809778002298
Tee,Unisex Heavyweight Cotton Tee - 1301,1301,Heather Charcoal,S,00809778003493
Tee,Unisex Heavyweight Cotton Tee - 1301,1301,Heather Charcoal,M,00809778003509
Tee,Unisex Heavyweight Cotton Tee - 1301,1301,Heather Charcoal,L,00809778003516
Tee,Unisex Heavyweight Cotton Tee - 1301,1301,Heather Charcoal,XL,00809778003523
Tee,Unisex Heavyweight Cotton Tee - 1301,1301,Heather Charcoal,2XL,00809778003530
Tee,Unisex Heavyweight Cotton Tee - 1301,1301,Heather Charcoal,3XL,00809778003547
Tee,Unisex Heavyweight Cotton Tee - 1301,1301,Heather Charcoal,4XL,00809778003554
Tee,Unisex Heavyweight Cotton Tee - 1301,1301,Heather Grey,S,00809778000317
Tee,Unisex Heavyweight Cotton Tee - 1301,1301,Heather Grey,M,00809778000324
Tee,Unisex Heavyweight Cotton Tee - 1301,1301,Heather Grey,L,00809778000331
Tee,Unisex Heavyweight Cotton Tee - 1301,1301,Heather Grey,XL,00809778000348
Tee,Unisex Heavyweight Cotton Tee - 1301,1301,Heather Grey,2XL,00809778000355
Tee,Unisex Heavyweight Cotton Tee - 1301,1301,Heather Grey,3XL,00809778000362
Tee,Unisex Heavyweight Cotton Tee - 1301,1301,Heather Grey,4XL,00809778000379
Tee,Unisex Heavyweight Cotton Tee - 1301,1301,Military Green,S,00809778002106
Tee,Unisex Heavyweight Cotton Tee - 1301,1301,Military Green,M,00809778002137
Tee,Unisex Heavyweight Cotton Tee - 1301,1301,Military Green,L,00809778002144
Tee,Unisex Heavyweight Cotton Tee - 1301,1301,Military Green,XL,00809778002175
Tee,Unisex Heavyweight Cotton Tee - 1301,1301,Military Green,2XL,00809778002182
Tee,Unisex Heavyweight Cotton Tee - 1301,1301,Military Green,3XL,00809778002212
Tee,Unisex Heavyweight Cotton Tee - 1301,1301,Orange,S,00809778002694
Tee,Unisex Heavyweight Cotton Tee - 1301,1301,Orange,M,00809778002700
Tee,Unisex Heavyweight Cotton Tee - 1301,1301,Orange,L,00809778002717
Tee,Unisex Heavyweight Cotton Tee - 1301,1301,Orange,XL,00809778002724
Tee,Unisex Heavyweight Cotton Tee - 1301,1301,Orange,2XL,00809778002731
Tee,Unisex Heavyweight Cotton Tee - 1301,1301,Orange,3XL,00809778002748
Tee,Unisex Heavyweight Cotton Tee - 1301,1301,Pink,S,00809778000409
Tee,Unisex Heavyweight Cotton Tee - 1301,1301,Pink,M,00809778000430
Tee,Unisex Heavyweight Cotton Tee - 1301,1301,Pink,L,00809778000447
Tee,Unisex Heavyweight Cotton Tee - 1301,1301,Pink,XL,00809778000478
Tee,Unisex Heavyweight Cotton Tee - 1301,1301,Pink,2XL,00809778000485
Tee,Unisex Heavyweight Cotton Tee - 1301,1301,Pink,3XL,00809778000515
Tee,Unisex Heavyweight Cotton Tee - 1301,1301,Powder Blue,S,00809778004377
Tee,Unisex Heavyweight Cotton Tee - 1301,1301,Powder Blue,M,00809778004407
Tee,Unisex Heavyweight Cotton Tee - 1301,1301,Powder Blue,L,00809778004414
Tee,Unisex Heavyweight Cotton Tee - 1301,1301,Powder Blue,XL,00809778004445
Tee,Unisex Heavyweight Cotton Tee - 1301,1301,Powder Blue,2XL,00809778004452
Tee,Unisex Heavyweight Cotton Tee - 1301,1301,Powder Blue,3XL,00809778004483
Tee,Unisex Heavyweight Cotton Tee - 1301,1301,Red,S,00809778003714
Tee,Unisex Heavyweight Cotton Tee - 1301,1301,Red,M,00809778003745
Tee,Unisex Heavyweight Cotton Tee - 1301,1301,Red,L,00809778003752
Tee,Unisex Heavyweight Cotton Tee - 1301,1301,Red,XL,00809778003783
Tee,Unisex Heavyweight Cotton Tee - 1301,1301,Red,2XL,00809778003790
Tee,Unisex Heavyweight Cotton Tee - 1301,1301,Red,3XL,00809778003820
Tee,Unisex Heavyweight Cotton Tee - 1301,1301,Red,4XL,00809778003837
Tee,Unisex Heavyweight Cotton Tee - 1301,1301,Royal Blue,S,00809778002786
Tee,Unisex Heavyweight Cotton Tee - 1301,1301,Royal Blue,M,00809778002816
Tee,Unisex Heavyweight Cotton Tee - 1301,1301,Royal Blue,L,00809778002823
Tee,Unisex Heavyweight Cotton Tee - 1301,1301,Royal Blue,XL,00809778002854
Tee,Unisex Heavyweight Cotton Tee - 1301,1301,Royal Blue,2XL,00809778002861
Tee,Unisex Heavyweight Cotton Tee - 1301,1301,Royal Blue,3XL,00809778002892
Tee,Unisex Heavyweight Cotton Tee - 1301,1301,Sand,S,00809778001383
Tee,Unisex Heavyweight Cotton Tee - 1301,1301,Sand,M,00809778001390
Tee,Unisex Heavyweight Cotton Tee - 1301,1301,Sand,L,00809778001406
Tee,Unisex Heavyweight Cotton Tee - 1301,1301,Sand,XL,00809778001413
Tee,Unisex Heavyweight Cotton Tee - 1301,1301,Sand,2XL,00809778001420
Tee,Unisex Heavyweight Cotton Tee - 1301,1301,Sand,3XL,00809778001437
Tee,Unisex Heavyweight Cotton Tee - 1301,1301,True Navy,S,00809778000805
Tee,Unisex Heavyweight Cotton Tee - 1301,1301,True Navy,M,00809778000850
Tee,Unisex Heavyweight Cotton Tee - 1301,1301,True Navy,L,00809778000867
Tee,Unisex Heavyweight Cotton Tee - 1301,1301,True Navy,XL,00809778000911
Tee,Unisex Heavyweight Cotton Tee - 1301,1301,True Navy,2XL,00809778000928
Tee,Unisex Heavyweight Cotton Tee - 1301,1301,True Navy,3XL,00809778000966
Tee,Unisex Heavyweight Cotton Tee - 1301,1301,True Navy,4XL,00809778000973
Tee,Unisex Heavyweight Cotton Tee - 1301,1301,White,S,00809778000225
Tee,Unisex Heavyweight Cotton Tee - 1301,1301,White,M,00809778000232
Tee,Unisex Heavyweight Cotton Tee - 1301,1301,White,L,00809778000249
Tee,Unisex Heavyweight Cotton Tee - 1301,1301,White,XL,00809778000256
Tee,Unisex Heavyweight Cotton Tee - 1301,1301,White,2XL,00809778000263
Tee,Unisex Heavyweight Cotton Tee - 1301,1301,White,3XL,00809778000270
Tee,Unisex Heavyweight Cotton Tee - 1301,1301,White,4XL,00809778000287
Zip fleece,ReFlex Fleece Full-Zip Hoodie - RF497,RF497,Black,XS,00191675392221
Zip fleece,ReFlex Fleece Full-Zip Hoodie - RF497,RF497,Black,S,00191675392238
Zip fleece,ReFlex Fleece Full-Zip Hoodie - RF497,RF497,Black,M,00191675392245
Zip fleece,ReFlex Fleece Full-Zip Hoodie - RF497,RF497,Black,L,00191675392252
Zip fleece,ReFlex Fleece Full-Zip Hoodie - RF497,RF497,Black,XL,00191675392269
Zip fleece,ReFlex Fleece Full-Zip Hoodie - RF497,RF497,Black,2XL,00191675392276
Zip fleece,ReFlex Fleece Full-Zip Hoodie - RF497,RF497,Black,3XL,00191675392283
Zip fleece,ReFlex Fleece Full-Zip Hoodie - RF497,RF497,Black,4XL,00191675392290
Zip fleece,ReFlex Fleece Full-Zip Hoodie - RF497,RF497,Blush,XS,00191675391828
Zip fleece,ReFlex Fleece Full-Zip Hoodie - RF497,RF497,Blush,S,00191675391835
Zip fleece,ReFlex Fleece Full-Zip Hoodie - RF497,RF497,Blush,M,00191675391842
Zip fleece,ReFlex Fleece Full-Zip Hoodie - RF497,RF497,Blush,L,00191675391859
Zip fleece,ReFlex Fleece Full-Zip Hoodie - RF497,RF497,Blush,XL,00191675391866
Zip fleece,ReFlex Fleece Full-Zip Hoodie - RF497,RF497,Blush,2XL,00191675391873
Zip fleece,ReFlex Fleece Full-Zip Hoodie - RF497,RF497,Blush,3XL,00191675391880
Zip fleece,ReFlex Fleece Full-Zip Hoodie - RF497,RF497,Bone,XS,00191675391903
Zip fleece,ReFlex Fleece Full-Zip Hoodie - RF497,RF497,Bone,S,00191675391910
Zip fleece,ReFlex Fleece Full-Zip Hoodie - RF497,RF497,Bone,M,00191675391927
Zip fleece,ReFlex Fleece Full-Zip Hoodie - RF497,RF497,Bone,L,00191675391934
Zip fleece,ReFlex Fleece Full-Zip Hoodie - RF497,RF497,Bone,XL,00191675391941
Zip fleece,ReFlex Fleece Full-Zip Hoodie - RF497,RF497,Bone,2XL,00191675391958
Zip fleece,ReFlex Fleece Full-Zip Hoodie - RF497,RF497,Bone,3XL,00191675391965
Zip fleece,ReFlex Fleece Full-Zip Hoodie - RF497,RF497,Brown,XS,00191675391989
Zip fleece,ReFlex Fleece Full-Zip Hoodie - RF497,RF497,Brown,S,00191675391996
Zip fleece,ReFlex Fleece Full-Zip Hoodie - RF497,RF497,Brown,M,00191675392009
Zip fleece,ReFlex Fleece Full-Zip Hoodie - RF497,RF497,Brown,L,00191675392016
Zip fleece,ReFlex Fleece Full-Zip Hoodie - RF497,RF497,Brown,XL,00191675392023
Zip fleece,ReFlex Fleece Full-Zip Hoodie - RF497,RF497,Brown,2XL,00191675392030
Zip fleece,ReFlex Fleece Full-Zip Hoodie - RF497,RF497,Brown,3XL,00191675392047
Zip fleece,ReFlex Fleece Full-Zip Hoodie - RF497,RF497,Heather Grey,XS,00191675392306
Zip fleece,ReFlex Fleece Full-Zip Hoodie - RF497,RF497,Heather Grey,S,00191675392313
Zip fleece,ReFlex Fleece Full-Zip Hoodie - RF497,RF497,Heather Grey,M,00191675392320
Zip fleece,ReFlex Fleece Full-Zip Hoodie - RF497,RF497,Heather Grey,L,00191675392337
Zip fleece,ReFlex Fleece Full-Zip Hoodie - RF497,RF497,Heather Grey,XL,00191675392344
Zip fleece,ReFlex Fleece Full-Zip Hoodie - RF497,RF497,Heather Grey,2XL,00191675392351
Zip fleece,ReFlex Fleece Full-Zip Hoodie - RF497,RF497,Heather Grey,3XL,00191675392368
Zip fleece,ReFlex Fleece Full-Zip Hoodie - RF497,RF497,Heather Grey,4XL,00191675392375
Zip fleece,ReFlex Fleece Full-Zip Hoodie - RF497,RF497,Lieutenant,XS,00191675392061
Zip fleece,ReFlex Fleece Full-Zip Hoodie - RF497,RF497,Lieutenant,S,00191675392078
Zip fleece,ReFlex Fleece Full-Zip Hoodie - RF497,RF497,Lieutenant,M,00191675392085
Zip fleece,ReFlex Fleece Full-Zip Hoodie - RF497,RF497,Lieutenant,L,00191675392092
Zip fleece,ReFlex Fleece Full-Zip Hoodie - RF497,RF497,Lieutenant,XL,00191675392108
Zip fleece,ReFlex Fleece Full-Zip Hoodie - RF497,RF497,Lieutenant,2XL,00191675392115
Zip fleece,ReFlex Fleece Full-Zip Hoodie - RF497,RF497,Lieutenant,3XL,00191675392122
Zip fleece,ReFlex Fleece Full-Zip Hoodie - RF497,RF497,Sea Blue,XS,00191675392146
Zip fleece,ReFlex Fleece Full-Zip Hoodie - RF497,RF497,Sea Blue,S,00191675392153
Zip fleece,ReFlex Fleece Full-Zip Hoodie - RF497,RF497,Sea Blue,M,00191675392160
Zip fleece,ReFlex Fleece Full-Zip Hoodie - RF497,RF497,Sea Blue,L,00191675392177
Zip fleece,ReFlex Fleece Full-Zip Hoodie - RF497,RF497,Sea Blue,XL,00191675392184
Zip fleece,ReFlex Fleece Full-Zip Hoodie - RF497,RF497,Sea Blue,2XL,00191675392191
Zip fleece,ReFlex Fleece Full-Zip Hoodie - RF497,RF497,Sea Blue,3XL,00191675392207
